stream1_rank,gene_name,slope_MIA,slope_saline,slope_divergence,R2_MIA,R2_saline,R2_divergence,log2FC_E12.5,log2FC_E14.5,log2FC_E17.5,log2FC_P0,max_abs_log2FC,stream1_score
1,Neurog1,-0.1862203759316231,-0.2229442041582966,0.0367238282266735,0.604065565863591,0.933437207381214,,-0.5348889514856181,-0.6711680543286214,-2.4149223957478134,0.0138915232707221,2.4149223957478134,0.08868519524218954
2,Olig3,-0.0821989345742809,-0.1328818815545028,0.0506829469802219,0.778973807378309,0.6792714676312257,,-1.738093470136571,-0.4822566218430328,-0.2418725617092895,-0.1106802557847412,1.738093470136571,0.08809169919360173
3,Adm,-0.064042248742076,-0.0251943339896435,-0.0388479147524324,0.3111075449632171,0.9310553024150344,,2.2502967709976733,0.0786617573398811,0.4096739646065547,0.4845152425542274,2.2502967709976733,0.0874193371273915
4,Ddit4,-0.0723788771871219,-0.0277087609862045,-0.0446701162009174,0.383254319962963,0.3439093460477344,,1.8953335945376557,-0.316199131498198,0.1753403896156564,0.0052446082393641,1.8953335945376557,0.08466477190749953
5,Slc16a3,-0.1341733915555414,-0.09951474895394,-0.0346586426016014,0.3525251293482717,0.5783834533921826,,2.2879776217222645,0.0980997490574193,0.2776845277366461,0.5872067495934282,2.2879776217222645,0.07929819867173392
6,Fgf15,-0.1635148540759521,-0.1957442211214385,0.0322293670454864,0.5960094474399543,0.9681670640036236,,0.2808148777001987,-0.0727871953701367,-2.073869734726565,0.6182212705922387,2.073869734726565,0.06683950888502799
7,A330033J07Rik,-0.0873658943461303,-0.0490750385086276,-0.0382908558375027,0.3761275164014375,0.5244685737242814,,1.6359228532832306,0.2011189907741948,-0.0781636688433881,0.1745846281120783,1.6359228532832306,0.06264088613634426
8,Hk2,-0.1622707280409994,-0.1252433793408223,-0.037027348700177,0.5482396596632544,0.8980183080638455,,1.670085637327817,-0.2605675533221215,-0.8778257202958321,-0.0204440434703767,1.670085637327817,0.061838843252494426
9,Prdm12,-0.0638458331728448,-0.1080233289174521,0.0441774957446073,0.5211620364291722,0.991410649412794,,-0.2274501624518825,-0.1364189986269976,-1.3622572657123333,0.6174567916471768,1.3622572657123333,0.060181114559066974
10,Met,0.1469418453139754,0.1783425796068203,-0.0314007342928449,0.5432143562675675,0.9620164114849028,,-0.210052876240486,0.4850329966514934,1.840533761755388,-0.4226830381249926,1.840533761755388,0.057794111609891244
11,Matn4,0.0468378304714056,0.0831736249135903,-0.0363357944421847,0.3570452563780204,0.9487633043652032,,1.551065766921094,0.3961399131284879,0.7564970777455937,0.3078098399815427,1.551065766921094,0.05635920687315445
12,Neurod4,-0.0823190235477851,-0.1244648843140768,0.0421458607662917,0.6957633253221713,0.987587671224266,,-1.063216546308784,-0.3863227325548943,-1.2976513907474918,0.0350217210119829,1.2976513907474918,0.05469063483762857
13,Col1a1,-0.0950402382563982,-0.1231354373437957,0.0280951990873975,0.3720426252579242,0.3515987167575964,,-0.6085994164777903,1.893517756369495,-0.1829989536150658,0.9570690090298604,1.893517756369495,0.0531987583407232
14,Zic4,-0.0724231299637944,-0.119126128270029,0.0467029983062346,0.7285917780012499,0.9520723002669372,,-0.232979294023373,0.2768531019456041,-1.10263140596037,0.8446912866881734,1.10263140596037,0.05149619268496823
15,2810417H13Rik,-0.1317710143102238,-0.1645513925358462,0.0327803782256224,0.6689653082340052,0.9728117770553426,,-0.2341248516146379,-0.762949085347914,-1.511061470475678,0.1299824190475847,1.511061470475678,0.04953316652435788
16,Mis18bp1,-0.089688938077483,-0.1205069760954193,0.0308180380179363,0.3820433221438079,0.8712042526103593,,-0.4044211254320511,-0.2765718259620554,-1.527838704361572,0.1842094531516754,1.527838704361572,0.04708499127628946
17,E2f2,-0.1200034351645688,-0.1511878090137132,0.0311843738491444,0.6346525687693396,0.9614071028998789,,-0.2337983948914432,-0.335614932975121,-1.4722670538273006,0.2650888932725397,1.4722670538273006,0.04591172621232894
18,Col3a1,-0.0952114577149792,-0.1262774534102141,0.0310659956952348,0.4406380390086751,0.4550445170055761,,-0.9933294469633968,1.4728321026511022,-0.3158932360156845,0.6382149115114001,1.4728321026511022,0.04575499576076276
19,Mcm10,-0.1253659506600585,-0.1567229672683509,0.0313570166082924,0.6240869855587019,0.95452232053163,,-0.1216739753756038,-0.4197930064311797,-1.446347161420772,0.2985873877139862,1.446347161420772,0.04535313196202771
20,Slc2a1,-0.0971328335507258,-0.0666690093326838,-0.030463824218042,0.5208985392649201,0.8025049398829771,,1.4822652318975806,0.2098807012635654,-0.2892258548818677,0.2379371375140429,1.4822652318975806,0.04515546746904316
21,Spc25,-0.115651100931602,-0.1454400419731191,0.029788941041517,0.6580741898560676,0.9908168362535174,,-0.0905892686423687,-0.7938667047481818,-1.5134805592918894,0.1344411124246069,1.5134805592918894,0.04508498314822827
22,Ankrd37,-0.052155465039378,-0.0223495367415875,-0.0298059282977905,0.4320555061906592,0.3058447236392271,,1.5115883774005103,-0.183371897365687,0.3670853865398226,0.1663220197465711,1.5115883774005103,0.0450542947925731
23,Cdca5,-0.1184100847004523,-0.1500042322487078,0.0315941475482555,0.6605787241278079,0.9602505521067016,,-0.2242511340607317,-0.6821304296944138,-1.3963196074010829,0.1511186202835014,1.3963196074010829,0.04411552770075201
24,Hells,-0.1204110595033091,-0.1514948481358206,0.0310837886325114,0.5508206744000907,0.9166684082119412,,-0.2177051162842207,-0.5222719378452619,-1.4144911985229314,0.2043648899682628,1.4144911985229314,0.043967745437434515
25,Rmi2,-0.1072727551766535,-0.1461243034554146,0.038851548278761,0.8569912809719072,0.9461012845401386,,-0.7920353818875099,-0.589484051213135,-1.124262724803734,0.0493377415299009,1.124262724803734,0.04367934753072367
26,Otx2,-0.1377437774386679,-0.1682198878209,0.0304761103822321,0.6347021419183709,0.8963214349736954,,-0.222367405161208,0.1587568044597843,-1.4248507865321436,0.4506505073927688,1.4248507865321436,0.043423909848563834
27,Esco2,-0.0940669841773508,-0.1264816455073224,0.0324146613299716,0.515041851060996,0.9059493708958736,,-0.4281650045680149,-0.4521333858662837,-1.3340988920782346,0.1512290282757636,1.3340988920782346,0.04324436376740631
28,Nhlh1,-0.2313241065435732,-0.2505076898976521,0.0191835833540789,0.871659391607065,0.9941572152833668,,-0.3007271991138397,-0.615470266989977,-2.1935800074689475,-0.1777925116652109,2.1935800074689475,0.042080724917121566
29,Grem2,0.0780825380839414,0.1180347906146613,-0.0399522525307198,0.7739318137105251,0.9951893147792238,,0.6979156952866266,0.3391062550104191,1.0526611800195775,-0.224178416571657,1.0526611800195775,0.04205618529342766
30,Kcne3,-0.0730835466112254,-0.0420663158082693,-0.0310172308029561,0.3939100769775876,0.7428909446278624,,1.354492759986294,-0.1380767554078601,-0.0858101114122237,0.0397151773224581,1.354492759986294,0.0420126145574279
31,Spdl1,-0.1093272295995272,-0.1391243704052422,0.0297971408057149,0.675373534189291,0.9769857290683528,,-0.2715370046893344,-0.4871699095120866,-1.3847204499140553,0.1650391723594551,1.3847204499140553,0.041260710222641994
32,Ncapg,-0.1265153820937528,-0.1530169691080084,0.0265015870142556,0.601503237867164,0.9762026626286814,,0.0848944311804273,-0.53721858924485,-1.5497460719969651,0.2580915841179196,1.5497460719969651,0.041070730377028394
33,Mir6935,-0.0364173377634179,-0.0031516613208257,-0.0332656764425921,0.3097698992729187,0.7358014707540739,,1.2342005614663931,0.1260001984397769,-0.105605465455046,0.0293247707156878,1.2342005614663931,0.04105651654300654
34,Necab1,0.1857990952580159,0.2139485317312375,-0.0281494364732215,0.6971811892106468,0.9155549385059112,,0.1900859040740333,0.4791154516805714,1.4546718601291724,-0.1731517032948737,1.4546718601291724,0.04094819311608909
35,Kif20a,-0.1277655493408611,-0.1549372030438227,0.0271716537029615,0.6532331642510634,0.9604119931720672,,-0.1969350188494374,-0.452783561994544,-1.500520741707029,0.1562070273482232,1.500520741707029,0.04077162996777433
36,8430408G22Rik,-0.0579430769813693,-0.0370452196595366,-0.0208978573218327,0.3758792642078721,0.767183738354395,,1.9490480973627655,0.0382765197984806,0.3153025834709024,0.6640547566475423,1.9490480973627655,0.040730929052076564
37,Ppp1r3g,-0.0629664471944293,-0.0351440554063462,-0.027822391788083,0.3144426635385292,0.772191206193336,,1.4571053821726156,-0.2675876354458116,-0.2982076332744812,0.0937010297099266,1.4571053821726156,0.04054015681933092
38,Kif15,-0.1324663570609074,-0.1568195976230169,0.0243532405621095,0.5954822576793339,0.9561333425028128,,-0.0819207608079935,-0.4470265594547989,-1.6013589011780072,0.1553569049225612,1.6013589011780072,0.038998278546663344
39,Asf1b,-0.1235822850222014,-0.1526441644327916,0.0290618794105901,0.7033145991294218,0.9339177651632108,,-0.3622245445437587,-0.5274356546667768,-1.3392251063780003,0.0892880285552595,1.3392251063780003,0.03892039854519214
40,Ttk,-0.1067363391890484,-0.133900460314585,0.0271641211255366,0.6150213884455292,0.97585277126075,,-0.1827823922313338,-0.4726036718005679,-1.4170990759209865,0.1624686275996905,1.4170990759209865,0.038494250945203666
41,Dbx1,-0.1237493582897503,-0.1570081735615937,0.0332588152718433,0.5913274980704462,0.5730675297752066,,-1.1539731657038657,-0.0351261021145403,-0.2628084938084971,0.02034729490791,1.1539731657038657,0.03837978034680909
42,Ndc80,-0.1070538773939414,-0.1337297416536958,0.0266758642597543,0.6538187392895431,0.9801751862986864,,-0.2591142349957027,-0.5841657980007026,-1.4134731678413004,0.0688214063567431,1.4134731678413004,0.037705618360139435
43,Kcnj2,0.0711685443310208,0.0992804938257328,-0.0281119494947119,0.8102104900573387,0.9809060466969182,,0.711018817014282,0.3637818737610033,1.322328324135467,0.0535726060792059,1.322328324135467,0.03717322706352328
44,Brca1,-0.1116344153146562,-0.1399533793755326,0.0283189640608763,0.6773611207369467,0.9638692731287548,,-0.3832353641476473,-0.3344254804835116,-1.3052152242738038,0.1397376872145667,1.3052152242738038,0.03696234302791845
45,Plk1,-0.1370008012172504,-0.1590185802050095,0.0220177789877591,0.6331050846931141,0.9363357516896385,,-0.1030790651286558,-0.4161381205647019,-1.658228794672335,0.1040393283492241,1.658228794672335,0.03651051511223363
46,E330013P04Rik,-0.1302788136514116,-0.1615017039478156,0.031222890296404,0.8429961610891855,0.9637896755844853,,-0.923295312686506,-0.2796648777206927,-1.168280402387056,-0.0604936180081488,1.168280402387056,0.03647709083916978
47,Esm1,-0.0554959877215645,-0.0287535641567815,-0.0267424235647829,0.3364225518899965,0.7172529521541657,,1.353756598512063,0.2150192367673597,-0.1367207589607658,0.2580245380306207,1.353756598512063,0.03620273236102933
48,Chek1,-0.0946719490431154,-0.1254739929031006,0.0308020438599852,0.5147344691426639,0.9012128280432984,,-0.2314669491764899,-0.5534579621174559,-1.1712246318501387,0.1979509882918001,1.1712246318501387,0.03607611248014299
49,6330403A02Rik,0.1938667893039295,0.216244427282475,-0.0223776379785455,0.5569845736547097,0.8423424842074466,,-0.2076674510793488,0.4363051232679648,1.5962096746350196,-0.2756868084244668,1.5962096746350196,0.03571940223683437
50,Dhfr,-0.0960565044834006,-0.1248111703869218,0.0287546659035211,0.6634229224489548,0.9532373283536628,,-0.4590252208344117,-0.5920446971744091,-1.2295818834990075,0.0145099406730441,1.2295818834990075,0.03535621626103617
51,Shcbp1,-0.1021240819645632,-0.1291314119828225,0.0270073300182593,0.5200621903612086,0.9252207460318772,,-0.0843508548275956,-0.500119922583116,-1.305904335773685,0.2102562681593494,1.305904335773685,0.035268989368515614
52,Eme1,-0.1355893411000444,-0.1608714905177122,0.0252821494176678,0.6255618257630403,0.9283969971624224,,-0.0753890009874296,-0.4868663188093258,-1.373465090526397,0.1799462530075056,1.373465090526397,0.034724149638639
53,1190002F15Rik,-0.1048211319556598,-0.1321658628520039,0.027344730896344,0.7767175548094429,0.982382914652634,,-0.0150775782289282,-0.7855492148503178,-1.2688745530845424,0.1474773866603807,1.2688745530845424,0.03469703319531557
54,Cdca7,-0.0864301015203379,-0.1159898283827819,0.029559726862444,0.656469373917502,0.993619993951181,,-0.1697211104672784,-0.4376165030869019,-1.1735197559921644,0.2503467548594056,1.1735197559921644,0.03468892345481031
55,Top2a,-0.1321779326522024,-0.1517805908211799,0.0196026581689774,0.5983014620291622,0.97015537055423,,-0.0647221347570732,-0.4475794776150957,-1.7342575200089634,0.0577038856118814,1.7342575200089634,0.033996057341714195
56,Ak4,-0.087606363118605,-0.0583335754573383,-0.0292727876612667,0.4845925502081729,0.7991736838895671,,1.1559019237316135,-0.3179023949771606,-0.0170533107023144,-0.0956656879065743,1.1559019237316135,0.03383647157064522
57,Clspn,-0.132161116762113,-0.1529229049012831,0.02076178813917,0.6123078274263211,0.9589212902755968,,-0.0779803283161572,-0.289217745486591,-1.6289295832356012,0.1431157968761293,1.6289295832356012,0.03381949090076404
58,Casc5,-0.1127481174880546,-0.1367091251381076,0.023961007650053,0.5209285900345659,0.9074717000937566,,-0.146330120339572,-0.3735339039829095,-1.409855509713863,0.15570663482977,1.409855509713863,0.033781558653723245
59,Bub1b,-0.1380101307702957,-0.1593291021570742,0.0213189713867784,0.7039910207678118,0.9797983914056926,,-0.0766532020036528,-0.5094239088578432,-1.5810002942342238,0.0741382649016386,1.5810002942342238,0.03370530003526765
60,Guca2b,-0.0320961141299091,-0.0019535220215923,-0.0301425921083168,0.3108511262792343,0.3270997822973135,,1.1150928592679106,0.0001870517515421,-0.0788493001917236,-0.017715846059894,1.1150928592679106,0.033611789219809333
61,Inhba,0.0841490138169155,0.1199317702491904,-0.0357827564322748,0.6141645239362339,0.9069607481259686,,0.7136643374768259,0.3203333449469999,0.9318483660514184,-0.1475349467992967,0.9318483660514184,0.03334410311423115
62,Grm3,0.1449934569239447,0.1640156815973601,-0.0190222246734154,0.5635414095025822,0.9588602158449152,,-0.275773321862946,0.475154500423363,1.749227289531743,-0.2175024404264062,1.749227289531743,0.03327419450634227
63,Atad2,-0.1270371976672902,-0.1506808362804492,0.0236436386131589,0.6517758663995827,0.9741536123996544,,-0.0844613579894995,-0.2770887260874425,-1.4001889889507135,0.2204131066809574,1.4001889889507135,0.03310556244487501
64,Sox3,-0.1676541850163402,-0.185326305450869,0.0176721204345288,0.734310983451615,0.9499409862691944,,-0.0401032558630477,-0.612026024851125,-1.860945101474165,-0.0412403909932898,1.860945101474165,0.032886845955297866
65,Cdc6,-0.1258317162002242,-0.1477965153727819,0.0219647991725576,0.6590071710933704,0.9400402952331254,,-0.3216207962764073,-0.454846451401343,-1.4867605766680605,-0.0164108966016714,1.4867605766680605,0.03265639748418987
66,Btg2,-0.1038767399088381,-0.1302067035026237,0.0263299635937856,0.7518277137371618,0.9914914966620404,,-0.2858347916932421,-0.4248457803217311,-1.236961444815419,0.1222633736977931,1.236961444815419,0.03256914980890641
67,Kif23,-0.1188040268189633,-0.1406103259548113,0.021806299135848,0.6297594785601872,0.9812411578578674,,-0.030037863954236,-0.2796316355375354,-1.4918169500403025,0.2043777288984549,1.4918169500403025,0.03253100666850725
68,Prc1,-0.1214707018770319,-0.1438666248332654,0.0223959229562335,0.6610355156867266,0.9793293228148798,,-0.0729950481022823,-0.4753487332543546,-1.4483130765353025,0.1212920799037161,1.4483130765353025,0.032436308078590145
69,Wee1,-0.1139522361296062,-0.1381371764515897,0.0241849403219834,0.6869123423125112,0.9599708131097368,,-0.117260155672514,-0.4890476129360921,-1.339795664384994,0.136868345048992,1.339795664384994,0.03240287818680318
70,Exo1,-0.131974420509665,-0.1577117614036,0.025737340893935,0.631010547759827,0.905987362735956,,-0.2257530537764886,-0.5511102656346922,-1.252353467879037,0.0928324125334536,1.252353467879037,0.03223224812250445
71,Spag5,-0.1184538522752225,-0.1402910998563506,0.0218372475811281,0.6055990469350401,0.9798561943854266,,0.1657501603971398,-0.2062673425527604,-1.4741176884115477,0.3400090900409973,1.4741176884115477,0.03219067292556322
72,Tcf7l2,-0.1430198158536304,-0.1774733722012456,0.0344535563476151,0.7086958383273905,0.7269427568493559,,-0.9337270462682948,0.0909784426434294,-0.0672162160511419,0.2267523136156723,0.9337270462682948,0.032170217401896906
73,Ercc6l,-0.1130573305199852,-0.1436671299193015,0.0306097993993163,0.7165399999245656,0.9441970803432224,,-0.4125521652684427,-0.5489596412831845,-1.048028676998737,0.1077460631057055,1.048028676998737,0.0320799475676622
74,Smc4,-0.101233694255184,-0.1236351064317775,0.0224014121765934,0.5156347281577967,0.9307909187331443,,-0.138409201893476,-0.4623664952811323,-1.4304647059952291,0.09254667301597,1.4304647059952291,0.03204442948306862
75,Cenpi,-0.0859490590139062,-0.116629400914152,0.0306803419002458,0.639281157763499,0.9770145446047076,,-0.2955864976915849,-0.2244879296649742,-1.0433655370054375,0.2973157186440496,1.0433655370054375,0.032010811402260385
76,Bub1,-0.133649129833848,-0.1547786478671029,0.0211295180332548,0.622724061609419,0.9628065884925276,,0.0138651199739611,-0.4877159172712754,-1.511314618621523,0.1327410112630627,1.511314618621523,0.03193334948808507
77,Agt,0.0927545448228154,0.1123343631087384,-0.019579818285923,0.7278536365899266,0.9425516787878168,,0.0818774566317652,0.1153283735483798,1.6153156480476123,-0.1849408170527256,1.6153156480476123,0.0316275868631802
78,Aurka,-0.128457861836154,-0.1501751509392959,0.0217172891031418,0.7199735331217767,0.9662661250335746,,-0.2365446272444518,-0.4911033164301133,-1.450331019505323,0.0132300642940583,1.450331019505323,0.03149725804585149
79,Cenpk,-0.0494243540609955,-0.0838524146709688,0.0344280606099732,0.3646020544114072,0.8195411549713871,,-0.49947871345673,-0.6295079224159017,-0.9142169540178312,0.11779651017937,0.9142169540178312,0.03147471670359098
80,Ddn,0.1756540200087748,0.199309212075648,-0.0236551920668731,0.6098788864887994,0.8582328129579858,,-0.0718649487694144,0.2523465578053546,1.3244152280957846,-0.320168415433038,1.3244152280957846,0.03132929659689733
81,Birc5,-0.1288612320899295,-0.1507103145736579,0.0218490824837284,0.6194164318649695,0.9477517475778215,,-0.078812559044577,-0.5129984655097657,-1.430725072639171,0.0939262081420394,1.430725072639171,0.03126003012363155
82,Ppp1r14a,-0.0876315888861979,-0.1161252511543278,0.0284936622681299,0.7169315451411953,0.9761367283558384,,-0.1781321012933077,-0.4011027153913973,-1.0948317947208104,0.2442640507847173,1.0948317947208104,0.031195767399185295
83,Kif14,-0.115322510455153,-0.1376905682623723,0.0223680578072192,0.6081395094738196,0.9760189907108658,,0.0750187772076865,-0.2319378553347933,-1.393931747455283,0.2982286744342811,1.393931747455283,0.03117954590639785
84,Lect1,-0.0486685022610024,-0.0197596075043165,-0.0289088947566858,0.4835516260460621,0.4668781691492923,,1.0759070305178449,0.2172719360270579,-0.0873793686097236,0.0690769176378482,1.0759070305178449,0.03110328311321871
85,A330023F24Rik,0.129083242940914,0.0967165683000536,0.0323666746408603,0.6901777149162523,0.7578001190101871,,-0.0554786703552333,0.7771677039341512,0.4128124262654549,0.958117642725488,0.958117642725488,0.031011082009763904
86,Nusap1,-0.1269913999008961,-0.146436220038003,0.0194448201371069,0.6273974745053902,0.9683800043937568,,-0.1023438951630145,-0.6132906822118124,-1.5943685357147577,-0.0187338593281385,1.5943685357147577,0.031002209409235964
87,Nnmt,0.0474580047178929,0.0732332207668328,-0.0257752160489398,0.4474077464204643,0.9323381465811472,,0.229932432931741,0.1490212366768298,1.202078804983608,-0.2498680813170379,1.202078804983608,0.030983840906303867
88,Ube2c,-0.1659962376344752,-0.1843657976568294,0.0183695600223541,0.7332351838180082,0.9640839722457456,,0.0320751705559023,-0.6349830415935012,-1.6859211582600655,0.0164227702821304,1.6859211582600655,0.03096962990961502
89,Melk,-0.1312734555611432,-0.1512128324821404,0.0199393769209972,0.6539756087487583,0.9739622547088046,,-0.041996258376916,-0.5300002534944424,-1.552387442935353,0.0590689259986144,1.552387442935353,0.030953638352111037
90,Ect2,-0.1378892889780307,-0.1573597787467938,0.019470489768763,0.6972436552333455,0.9875580924131868,,-0.0202582753883233,-0.5986729118823727,-1.5727942930556662,0.0332691832974394,1.5727942930556662,0.030623075191309187
91,Sgol2,-0.1059472750405945,-0.1281943335100146,0.0222470584694201,0.5632996867220541,0.93486550775627,,-0.2367270547832591,-0.3956028181335853,-1.3729610888402517,0.0665732589899586,1.3729610888402517,0.030544345619667766
92,Htr1a,0.0980820604517438,0.1216177904412796,-0.0235357299895358,0.474848220436321,0.9088732374824904,,-0.0260768085076389,0.3243414701823016,1.2889800127241244,-0.2681225775281192,1.2889800127241244,0.03033708554138341
93,Ska1,-0.116656384188557,-0.1385825000022166,0.0219261158136595,0.6054881074983445,0.9417347898643648,,-0.1978574917087593,-0.4396749294075534,-1.3781009189478035,0.0636389097509505,1.3781009189478035,0.030216400351760125
94,Kcns1,0.1036932092345185,0.1237716156162314,-0.0200784063817129,0.6415046741364037,0.9752073857163468,,0.4397230070785834,0.2472460293339825,1.4998956107204682,0.0394786644722936,1.4998956107204682,0.030115513602193018
95,Gm5415,0.0573933996573887,0.0253994949273779,0.0319939047300107,0.6197287689466089,0.7976725282948474,,0.0902866025144425,0.6221123123152367,0.0063898543121899,0.938136197018949,0.938136197018949,0.030014640111198802
96,Nuf2,-0.1107176855200407,-0.1333602364781886,0.0226425509581478,0.6566106980669086,0.9733762148478576,,-0.1499377514603913,-0.4710206274327318,-1.3238409298279703,0.0961095259383102,1.3238409298279703,0.029975135714111586
97,Cenpe,-0.1220671637471962,-0.1414623592361485,0.0193951954889523,0.518534235626327,0.9171528614821716,,-0.0707923389165999,-0.2569045089339437,-1.545312876803138,0.1380927450749952,1.545312876803138,0.02997164533719212
98,Crlf1,0.1527060318155129,0.1688993975019197,-0.0161933656864068,0.5481111110341099,0.9097281559209308,,0.0731668814836283,0.4459039583971786,1.8477518681294307,0.0241675121994591,1.8477518681294307,0.029921321698361186
99,Aqp4,0.1824754144900041,0.1987670088860559,-0.0162915943960517,0.8901319751685515,0.9885916549036394,,0.0910673367627343,0.4727273288317269,1.8359689423621828,0.0412216228250287,1.8359689423621828,0.029910861332712705
100,Tnc,0.0817492645108979,0.1158345167585418,-0.0340852522476439,0.4936898167220463,0.7344930919536005,,0.3852978397174075,0.8725725934627117,0.3301234232805305,-0.123760384143229,0.8725725934627117,0.02974185695255736
101,Mki67,-0.135900210283517,-0.1529567946471698,0.0170565843636527,0.5471137746035292,0.9423293975237804,,-0.2184514992098705,-0.0196078387571551,-1.7432639324325705,0.0871307438469762,1.7432639324325705,0.029734128331649103
102,E130114P18Rik,-0.0705999750689016,-0.0972130226877284,0.0266130476188267,0.6090578616197926,0.9527401722781976,,-0.2704019536045597,-0.5659971653475363,-1.114795498247015,0.0914308202556493,1.114795498247015,0.029668105680101444
103,Gpr17,0.1346585952434518,0.1590618916799978,-0.024403296436546,0.7453926273201685,0.9454818643931626,,0.4725148821567635,0.4410176235387781,1.2136179581215016,0.0218090808922312,1.2136179581215016,0.02961627879275467
104,Ung,-0.0857601844271643,-0.116162457448534,0.0304022730213696,0.6710883733836015,0.9045583094401654,,-0.4116221683497965,-0.5751926120012604,-0.9729712640076524,0.0997162812799495,0.9729712640076524,0.02958053801030773
105,Shox2,-0.0897854918305418,-0.1208676322319289,0.0310821404013871,0.6423649322112153,0.5483782238720888,,-0.9482007498391364,-0.0221676114796928,0.2451637467867675,0.1310011966984202,0.9482007498391364,0.029472108835200562
106,Cep55,-0.1330772734457096,-0.1527554124708472,0.0196781390251376,0.6800368197060966,0.9877643588126626,,0.0710021511313804,-0.3988268811450133,-1.490856751396061,0.1697932466879339,1.490856751396061,0.029337286420536696
107,Ccna2,-0.1405083042969589,-0.1595126685352236,0.0190043642382646,0.6824319417250464,0.9784771276187444,,0.1099057579173541,-0.5260064014868346,-1.5389518116007128,0.1244430276949634,1.5389518116007128,0.029246800772797104
108,Ccnb1,-0.1261687324667491,-0.147409919782224,0.0212411873154749,0.6743590880990744,0.985738706959947,,0.1934968015515087,-0.7373320579509355,-1.3742311640865887,0.1462722947923417,1.3742311640865887,0.029190301571126356
109,Foxa1,-0.046899827956211,-0.0750755160406433,0.0281756880844322,0.4529333371304754,0.5905790395720272,,-1.0335388812152535,0.2259255375109269,0.1174524256547147,0.1116201004822884,1.0335388812152535,0.029120669140254008
110,Caln1,0.1747294892523827,0.1945224573730698,-0.0197929681206871,0.5507167348108886,0.8634942336618219,,-0.2753442530219643,0.3182365936786009,1.4547660564990137,-0.3159281114240201,1.4547660564990137,0.028794138179342666
111,Penk,0.0965218037210747,0.1198624710513757,-0.0233406673303009,0.9291029907552896,0.9556579546768924,,0.2307358153872407,0.7760286240164056,1.232878123807705,0.043532911927035,1.232878123807705,0.028776198146601165
112,A830018L16Rik,0.144934761279501,0.164436724542846,-0.0195019632633449,0.6667700545745356,0.9361417350128804,,0.1486596130895,0.1721884718420814,1.4731627686672537,-0.1364656277947314,1.4731627686672537,0.02872956619547624
113,P4ha1,-0.0530705994670143,-0.0305374370583685,-0.0225331624086458,0.3986503803155341,0.8594784892561136,,1.2705901055387925,0.166472225360426,0.0006363947074018,0.2906212396956736,1.2705901055387925,0.028630413202924018
114,Fbxo5,-0.1081404472374868,-0.1321891910775478,0.0240487438400609,0.6367324133898564,0.9761756658390356,,0.0776518334718188,-0.5179960818211375,-1.1883438864275222,0.2395710903986311,1.1883438864275222,0.028578177718597903
115,Rad51,-0.1046367088423508,-0.1314244379429605,0.0267877291006097,0.6345646396541609,0.9327851067186852,,-0.1763370619213823,-0.534420942652205,-1.0658250307083337,0.1615403616764718,1.0658250307083337,0.02855103219126386
116,Tgif1,-0.1046254793846337,-0.1292981695934451,0.0246726902088114,0.5350044181348822,0.8577897204009289,,-0.229461197464974,-0.2433930386084036,-1.1554281418720591,0.1950226147688911,1.1554281418720591,0.0285075206029519
117,Tacc3,-0.0994340634526315,-0.1220998965563925,0.022665833103761,0.4895487259628833,0.9286062199776396,,0.1561348160016457,-0.3253629262601559,-1.257506763802245,0.3225154826855433,1.257506763802245,0.02850243843519229
118,Lsamp,0.0538337228593727,0.0856143588565361,-0.0317806359971634,0.5871749937233754,0.9939661546569752,,0.3248082325022543,0.2425637527885228,0.8966298529776825,-0.3082616095619253,0.8966298529776825,0.028495466981673864
119,Cdca2,-0.1375263147122745,-0.1551707752898206,0.017644460577546,0.6633592072592793,0.9767176912531712,,-0.0597968959269874,-0.2889968079932707,-1.6121489192174905,0.0909737796953822,1.6121489192174905,0.028445498050266405
120,Kif2c,-0.1402484289448954,-0.1588988670635865,0.0186504381186911,0.721103822416064,0.9746334211408436,,-0.0128447961445976,-0.4490284596450718,-1.523248231224524,0.0819736620349417,1.523248231224524,0.028409246875858656
121,Gmnn,-0.1116109889379048,-0.1356369458076129,0.0240259568697081,0.6076523626656506,0.9548348221467846,,0.1020900873202942,-0.8078948961217057,-1.1641917663348038,0.1426256876862726,1.1641917663348038,0.027970821166029284
122,Cdca7l,-0.0918793551723101,-0.1182148320173584,0.0263354768450482,0.4589543292560213,0.8588682854582418,,0.0717557931338698,-0.3079837211914477,-1.0594636449787698,0.3735247398781512,1.0594636449787698,0.02790148029050876
123,Htr5a,0.07739665921384,0.1027422735025744,-0.0253456142887344,0.4156662210601435,0.8791128532726861,,-0.1895541088707292,0.4313936290888144,1.1001459698116145,-0.3662570146648329,1.1001459698116145,0.02788387541215082
124,Nov,0.1473768191287238,0.1718045074362956,-0.0244276883075717,0.5472368292700607,0.8937834315481175,,-0.4241273344998733,0.9561231326592888,1.1350053150663342,-0.2694232567838611,1.1350053150663342,0.027725556063877624
125,Rad54l,-0.1178073983460606,-0.1404734507434029,0.0226660523973423,0.6240252977881844,0.9316114482040718,,-0.0818946362936224,-0.2983589232450911,-1.2195249223174185,0.2076580662926011,1.2195249223174185,0.027641815789111405
126,Aspm,-0.1257626670330299,-0.1453761218062181,0.0196134547731882,0.6726755748658007,0.9830710868345144,,-0.0631532354606159,-0.180267726794425,-1.398500101102314,0.1874076482296416,1.398500101102314,0.02742941848326936
127,2610307P16Rik,-0.0706869845963445,-0.0455639062519451,-0.0251230783443994,0.7090773717676571,0.7821028112353651,,1.09007933843528,-0.1744387616465797,-0.5859429727986479,-0.0354158100524595,1.09007933843528,0.02738614862112061
128,Sgol1,-0.1207040725191476,-0.1404078023762227,0.0197037298570749,0.6454511657249129,0.9688859757481728,,-0.0820564041976355,-0.444618641034711,-1.3898563996632265,0.0780538607048029,1.3898563996632265,0.027385355039090942
129,Gabrb1,0.0798461348243417,0.1049619808496956,-0.0251158460253538,0.3740039197997773,0.8285608005498715,,-0.1067400434341518,0.3396005993618933,1.0880106567562111,-0.3532370262715764,1.0880106567562111,0.027326308129033063
130,Fgf10,0.0748121416998596,0.1008061848311752,-0.0259940431313156,0.470306855857556,0.9520461446120142,,-0.0407033062864464,0.0744960276239404,1.0497490208336275,-0.4404203305909939,1.0497490208336275,0.02728722132460563
131,Pole2,-0.0960418043215797,-0.1237412156371405,0.0276994113155607,0.6755884698179648,0.9468005901543828,,-0.2398834653570049,-0.4644852201364154,-0.9820702450496896,0.1791791852370213,0.9820702450496896,0.027202767658404844
132,Ptk2b,0.2169114585950599,0.2296430505149922,-0.0127315919199323,0.7312672398045368,0.9855644173056188,,-0.15868341243262,0.5557769315058153,2.133109959313996,0.0338386539728237,2.133109959313996,0.027157885522329187
133,Zic1,-0.1013019274668102,-0.1238056403994552,0.022503712932645,0.6730790790812309,0.9645018862470452,,0.1272161764778122,0.1307414669882075,-1.2062784280261265,0.4830168643323845,1.2062784280261265,0.027145743461142225
134,Gadd45g,-0.1243193204957013,-0.1431677073681288,0.0188483868724274,0.810103898561399,0.9591602795036542,,0.1950532338105651,-0.3034298872101886,-1.4387413856234914,0.2604388158721332,1.4387413856234914,0.02711795424560382
135,Cenpf,-0.1237853924510316,-0.1434024034565078,0.0196170110054762,0.6575049879231427,0.9607939053235532,,-0.2156782419581251,-0.3683897456524158,-1.377024011107886,0.0346484053420634,1.377024011107886,0.02701309518070838
136,Apod,0.0510652609660952,0.0216755987864987,0.0293896621795964,0.6449444544725034,0.3736391237048597,,-0.9183228719251976,0.6298128045424249,-0.2321095301629217,0.3267656097765824,0.9183228719251976,0.02698919897767833
137,Kntc1,-0.1157764794331224,-0.1361015299375182,0.0203250505043957,0.6101610409974919,0.9611856138286312,,0.0094328900042824,-0.2660458542191725,-1.326150374401357,0.2135178504284615,1.326150374401357,0.026954073336130847
138,Abracl,-0.0480393429357598,-0.070639472326207,0.0226001293904472,0.5060752680865137,0.7583501739205828,,-0.1382675282394501,-0.4838260749578909,-1.1888649735442944,0.106989558837209,1.1888649735442944,0.02686850222987164
139,Fosl2,0.0770562263909893,0.1157844975902862,-0.0387282711992968,0.4447659515191019,0.7052830897424665,,0.6930991429804972,0.4348153278604612,0.6502124349272376,-0.1960608802744913,0.6930991429804972,0.026842531577348887
140,Polq,-0.0574446686980024,-0.0887114067661987,0.0312667380681962,0.3449755663927176,0.8581764293277512,,-0.1639093798720148,-0.1114712966960622,-0.85577236486978,0.4380259098807732,0.85577236486978,0.02675721037838424
141,Psrc1,-0.116415329782488,-0.1355145705333284,0.0190992407508403,0.6063950589147087,0.9705261212781996,,0.1148570202673848,-0.3068538593159983,-1.3922312389305995,0.2246115485373661,1.3922312389305995,0.026590559613176183
142,Pcdha5,0.0816844951069097,0.1085149113392663,-0.0268304162323565,0.4008350080440435,0.8324611552818493,,-0.0382175348336226,0.3850154098607632,0.9893594838837344,-0.3412823119839537,0.9893594838837344,0.02654492675603
143,Nsl1,-0.0986462443043495,-0.1248816657651405,0.0262354214607909,0.6042726123766726,0.9478415757024984,,0.1028175661218666,-0.4097098720528945,-1.0116890161640584,0.3527678432628138,1.0116890161640584,0.02654208772631697
144,Cdk1,-0.119521871274005,-0.140556938712278,0.021035067438273,0.677312348765747,0.978365025989153,,0.0344279783235973,-0.672340270063782,-1.2604142567951293,0.0901858115090837,1.2604142567951293,0.026512898891846288
145,Gda,0.2239501521976744,0.2415083420368266,-0.0175581898391521,0.6678805169212447,0.8914410726808694,,-0.2434459388017674,0.3738686396449838,1.507125432992271,-0.227942053388208,1.507125432992271,0.0264623944638926
146,Kif20b,-0.1044183443406728,-0.1246293718243566,0.0202110274836837,0.5603624752078736,0.9418945700862568,,-0.0869282888995145,-0.3263298964485954,-1.3023851457940605,0.1379573260760694,1.3023851457940605,0.02632254197598516
147,Ccnf,-0.1074526663429135,-0.1332836295744012,0.0258309632314877,0.7540558745917016,0.912890627039026,,-0.4203838766899676,-0.3653599862337052,-1.018857261510305,0.079336210626093,1.018857261510305,0.026318064460206937
148,Fbxl22,-0.050128278690708,-0.0835641860179964,0.0334359073272883,0.5904963024701739,0.9686010638545646,,-0.717728765214887,-0.1219033644809897,-0.7866236989016641,0.1851752891708932,0.7866236989016641,0.026301477097924776
149,Fmod,0.0170630561302557,0.03754101277623,-0.0204779566459742,0.4792854532381111,0.4025352217472696,,-0.1231606747704517,1.283486762090566,0.1859599108590646,0.025755252945627,1.283486762090566,0.02628318626977241
150,Mms22l,-0.1089633790937715,-0.1294801303010186,0.0205167512072471,0.6719330172938239,0.9752133001897538,,0.0873222745105803,-0.375166941147504,-1.276797253291457,0.2211782267802529,1.276797253291457,0.026195731587877285
151,Apln,-0.0498776073847202,-0.0190003148430161,-0.030877292541704,0.6626956357529191,0.6571153141431998,,0.8459794258734235,0.1580807072080508,0.5365173757611847,-0.0694796681724253,0.8459794258734235,0.026121554216956493
152,Neil3,-0.0792979826036159,-0.0982965860461409,0.0189986034425249,0.4200753182396388,0.942709969014201,,0.0692352112222446,-0.1002528308038173,-1.3744306729546498,0.2788333537811862,1.3744306729546498,0.026112263314708027
153,Tmem151a,0.1347557226378492,0.1602191628466246,-0.0254634402087753,0.5331028471969361,0.7968388627727947,,0.1371156715666982,0.5513075200664668,1.0223057343637971,-0.1526177773421247,1.0223057343637971,0.026031420942060672
154,Ckap2l,-0.1145069429401286,-0.1333367824056231,0.0188298394654945,0.6785365907721713,0.9713271204968122,,-0.3074313156013094,-0.3877657886502203,-1.3822109536402902,-0.0385948519137669,1.3822109536402902,0.026026810364494727
155,B230209E15Rik,0.131637174459848,0.1523125038185008,-0.0206753293586527,0.4566394590007511,0.8017501511833003,,-0.3326689559285764,0.3049810810036971,1.2574761223286592,-0.3849892979816683,1.2574761223286592,0.025998732989786482
156,Slc6a7,0.1522312536966126,0.1738133861997267,-0.0215821325031141,0.5591474348214807,0.8455885409516588,,-0.1467583453939769,0.7510442252575121,1.2002834406507537,-0.1361362733500693,1.2002834406507537,0.025904676257418255
157,Clhc1,-0.0836983134653858,-0.112126228516362,0.0284279150509761,0.573285125379474,0.8679060233236883,,-0.3971790457165306,-0.5146375100679614,-0.9111774336323616,0.0954404849420592,0.9111774336323616,0.02590287467966719
158,Ckap2,-0.1008943389806987,-0.1194640321675583,0.0185696931868596,0.6181814313912735,0.9859454644327422,,-0.0345295564073796,-0.555225764571291,-1.3939984636316511,0.0377546000266864,1.3939984636316511,0.02588612377259342
159,Cecr2,-0.121179529407632,-0.1394152534678288,0.0182357240601968,0.723495989823965,0.9956182936221528,,-0.2536615016169569,-0.1373359710993643,-1.4115245193097277,0.0723566800185031,1.4115245193097277,0.025740171638334124
160,Tpx2,-0.1384134468354592,-0.1539448187319383,0.0155313718964791,0.676053346622683,0.975782095018311,,-0.1302999178831801,-0.4096122480346003,-1.6511433321498514,-0.0392936091907596,1.6511433321498514,0.025644521146011057
161,Col14a1,-0.050577609829424,-0.0233300550029582,-0.0272475548264658,0.388519020117357,0.5849537057863993,,0.9405881942859812,0.5356236623246233,-0.3573859589817887,0.1316258288893137,0.9405881942859812,0.025628728392933738
162,Gm9866,0.1124040507105924,0.1294505628237104,-0.017046512113118,0.5914655758350971,0.97990544295768,,-0.0676463833563789,0.1860423718741996,1.4978272095640357,-0.1958453614029686,1.4978272095640357,0.02553272967119107
163,Pif1,-0.1251844899307968,-0.1437866820623832,0.0186021921315864,0.6700341513590183,0.986826577370453,,0.2756043441674703,-0.1995098842640748,-1.3702784001712909,0.3440482091936125,1.3702784001712909,0.02549018207374919
164,Rpa3,-0.0357299051469249,-0.0679752910842579,0.0322453859373329,0.660927776578257,0.9323212266905764,,-0.1946529045371393,-0.7846976712961372,-0.3779439622191981,0.2191695872070412,0.7846976712961372,0.025302879255070337
165,Slc16a7,0.0617984532108953,0.0840455795551578,-0.0222471263442625,0.4081624925040591,0.9780517346331878,,-0.1091039518411541,0.1821002551531866,1.1371134211692484,-0.3530498319743996,1.1371134211692484,0.025297505948508846
166,Fam64a,-0.1211389185888581,-0.1415379565700575,0.0203990379811994,0.7302572206440292,0.9738953044823762,,-0.0212399973467568,-0.5728412954653141,-1.2394357739374662,0.0871763775615832,1.2394357739374662,0.025283297427807647
167,Mns1,-0.118078024913531,-0.1367115119028051,0.018633486989274,0.7738224450078013,0.9650559537929428,,-0.5180281860766177,-0.3643042746661314,-1.352755138448807,-0.1446913405533126,1.352755138448807,0.025206545271959396
168,Tshz3,0.0282890354604622,0.0661145490016966,-0.0378255135412343,0.5051711720497343,0.8131045454549468,,0.6663817731091735,0.5806832723118879,0.2689962928963755,-0.1653345785460081,0.6663817731091735,0.025206232782372762
169,Akna,-0.1016932231253086,-0.1221050185808916,0.020411795455583,0.6427205443438123,0.9762334115984984,,-0.1116498699883103,-0.1947574797177593,-1.233824987656935,0.1846016774129256,1.233824987656935,0.025184583276040572
170,Kif18a,-0.1044009258777963,-0.1248449086937865,0.0204439828159902,0.683606994520243,0.9918662165609188,,0.0045567689078056,-0.5447496413906442,-1.2316308135174456,0.1133845793995861,1.2316308135174456,0.025179439187194688
171,Rhbdl3,-0.1159011529282473,-0.1305934559833222,0.0146923030550749,0.8309287793957308,0.932646060052194,,-0.1573482148630628,-0.3320531581567716,-1.7086673289119112,-0.0454929837879872,1.7086673289119112,0.02510425821667914
172,Trpc5,0.1327236063568974,0.1511431940663413,-0.0184195877094439,0.6002861662970282,0.948260984176365,,-0.319981300181727,0.4051643578343007,1.3627409152111103,-0.2857169655595782,1.3627409152111103,0.0251011258129789
173,Ncam2,0.0412870749599692,0.0722596865380356,-0.0309726115780664,0.4443226581270482,0.8449615046585699,,0.0222214775079239,0.3518917106725059,0.80853431831101,-0.4195103729247953,0.80853431831101,0.025042419388583613
174,Pou4f1,-0.0558812943066436,-0.0816140889239294,0.0257327946172858,0.4436096671449068,0.616352159407028,,-0.9730844823639628,0.4638176877156948,-0.1692334255541082,0.164004684222107,0.9730844823639628,0.02504018312993972
175,Ntf3,0.0801187308733763,0.1008378051109356,-0.0207190742375593,0.5711445917966547,0.9464358392668812,,0.5945810708358578,0.032327234240111,1.2062900300052757,0.0046065201779335,1.2062900300052757,0.024993212683706943
176,Osbpl1a,0.0832874713917983,0.1013089310386054,-0.0180214596468071,0.7657386971598191,0.9609141926243174,,0.3005314165849791,0.2009363776738288,1.3860848777583437,-0.0202628009483851,1.3860848777583437,0.024979272691571543
177,Homez,-0.0137532755794464,-0.0408588206888243,0.0271055451093778,0.3045163648955582,0.9482656480193916,,-0.9182523470398984,-0.1970954081789432,-0.356110916368017,-0.0471640683255291,0.9182523470398984,0.024889730414482007
178,Lhx8,-0.0737601269247634,-0.0517654883586264,-0.0219946385661369,0.7594962572072437,0.6499098493952821,,1.1242965640373503,-0.2981425619743886,-0.7503881862886476,-0.0136845994805868,1.1242965640373503,0.024728496567151113
179,Ly6c1,0.1003498117974713,0.0797630814603584,0.0205867303371129,0.7053499467136037,0.98549572561242,,-0.1478682485173924,0.1747742764659335,1.1970779770304496,0.4977723091399688,1.1970779770304496,0.024643921505622498
180,9630028B13Rik,-0.0832681044524921,-0.0999155681768431,0.016647463724351,0.6221299138090349,0.8377552900070582,,-0.4079359409709041,-0.238638971193645,-1.47947899191952,-0.0871596453906578,1.47947899191952,0.024629572848919597
181,Sv2c,0.0756682571863225,0.0959848731751307,-0.0203166159888082,0.6091416987985414,0.966597313577084,,0.0752624852552956,0.4766562474573636,1.204488714441258,-0.0960959460872906,1.204488714441258,0.0244711346741563
182,Cdc20,-0.1447226169228502,-0.1611699009657155,0.0164472840428653,0.7204717419173752,0.962313431381935,,0.0938951886209447,-0.5590888341215484,-1.487670962154357,0.0551116273392946,1.487670962154357,0.024468146876875423
183,Arhgap11a,-0.1075566039876908,-0.1229447448758847,0.0153881408881939,0.5722293346024863,0.986795167159967,,0.0641816410671894,-0.324796721553825,-1.58601934764131,0.1001492872557886,1.58601934764131,0.02440588917290586
184,Mxd3,-0.1013784585389604,-0.1242029258257465,0.022824467286786,0.812628129168266,0.8827428816314613,,-0.1220370117602227,-0.4682281953816873,-1.0664861316239167,0.1356980218651511,1.0664861316239167,0.024341977823061033
185,Adcy2,0.0952418254839689,0.1177827143575709,-0.022540888873602,0.6930114056896919,0.962428268165382,,0.2990261077920422,0.4141710247384966,1.076078687310703,-0.054690420566885,1.076078687310703,0.02425577010992207
186,Pax6,-0.1094904439194054,-0.1260269154086516,0.0165364714892462,0.5959430135590219,0.9629096604055306,,-0.0738635327582705,-0.324730381376368,-1.465987438645055,0.0583971196492253,1.465987438645055,0.024242259482747015
187,Gsg2,-0.086959342989047,-0.1121932693292739,0.0252339263402268,0.7031609127752765,0.949492141307028,,-0.3848865582269068,-0.4690461691622131,-0.9586111017992688,0.0510801228274921,0.9586111017992688,0.024189521931726403
188,Chrm3,0.0635200984471861,0.0932770813181594,-0.0297569828709732,0.4690636700430312,0.8894267962600614,,0.1153257839550382,0.4319946822170376,0.8118634890631279,-0.3136245121988069,0.8118634890631279,0.024158607937620036
189,Zic3,-0.0832152363367431,-0.1050616630904731,0.02184642675373,0.5487765217416509,0.9599271299481504,,-0.0233034814878663,0.0254361398309011,-1.1051639935757611,0.3558951697503844,1.1051639935757611,0.0241438842365126
190,Ctla2a,0.0652678615177077,0.0382113797125466,0.0270564818051611,0.9343147549338162,0.9751164141073736,,0.4487356934741758,0.1495558664179623,0.4638109643036333,0.8843083299571398,0.8843083299571398,0.023926272239637753
191,Kif22,-0.1286970388780427,-0.1453178785131368,0.0166208396350941,0.6610383061321932,0.9679129152638696,,0.1682211130737298,-0.4442853839797502,-1.434674528620499,0.1468897905231323,1.434674528620499,0.023845495268755533
192,Nr2f2,-0.1034570355098234,-0.0761389115927173,-0.0273181239171061,0.8616316603681573,0.8639030662085808,,-0.3571162363786934,-0.202128807395473,-0.6053988476442193,-0.8714001267126998,0.8714001267126998,0.02380501664291949
193,Hmmr,-0.1248817112123061,-0.1418192786740926,0.0169375674617865,0.7174031470723348,0.9782511754365516,,-0.2416981476940637,-0.4138820443111192,-1.396654444608363,-0.0527854185804145,1.396654444608363,0.023655928876358104
194,Anln,-0.1075601246487441,-0.1260888884862737,0.0185287638375295,0.6131568889158681,0.9606045882902398,,0.0173656201361501,-0.3165295239077901,-1.2746572990461442,0.1658532704516753,1.2746572990461442,0.023617824067809223
195,Prr11,-0.1149505678711477,-0.1316385292037588,0.0166879613326111,0.6249610165845616,0.9545601106844952,,-0.2367487907196332,-0.3857643022424261,-1.4130746710009805,-0.0456381361384884,1.4130746710009805,0.023581335469756513
196,Nrgn,0.2051612982258272,0.2186697244070768,-0.0135084261812496,0.7132557257172826,0.9593022041240544,,-0.0917946177784187,0.3186910803058574,1.7452401083352609,-0.0669438104702092,1.7452401083352609,0.02357544717200293
197,Ccne2,-0.0660334055705387,-0.0931499821838133,0.0271165766132746,0.510976328510749,0.8521063011656735,,-0.5733431803526041,-0.4026976798689939,-0.868873794065027,0.0202591926918152,0.868873794065027,0.023560882804030882
198,Tk1,-0.1244813546884672,-0.1416641528649611,0.0171827981764939,0.6941163296104907,0.9405479964084535,,0.1503958690623158,-0.5780266098843502,-1.3699814197242994,0.1022416935886089,1.3699814197242994,0.023540114240669215
199,Wdr76,-0.0934078948722841,-0.1192051642872827,0.0257972694149985,0.5623627773344314,0.9140439936950984,,-0.0273693569019434,-0.4021921456919895,-0.9083736225547764,0.2846076620200966,0.9083736225547764,0.023433559070523722
200,Grin3a,0.1304558209498356,0.1511259282851805,-0.0206701073353449,0.53202628996419,0.8332553111458654,,-0.1649234498640983,0.5771620381109923,1.1301852003735522,-0.1996653680526343,1.1301852003735522,0.023361049400539607
